-- phpMyAdmin SQL Dump
-- version 4.8.3
-- https://www.phpmyadmin.net/
--
-- Host: 127.0.0.1
-- Generation Time: Oct 04, 2018 at 01:12 AM
-- Server version: 10.1.35-MariaDB
-- PHP Version: 7.2.9

SET SQL_MODE = "NO_AUTO_VALUE_ON_ZERO";
SET AUTOCOMMIT = 0;
START TRANSACTION;
SET time_zone = "+00:00";


/*!40101 SET @OLD_CHARACTER_SET_CLIENT=@@CHARACTER_SET_CLIENT */;
/*!40101 SET @OLD_CHARACTER_SET_RESULTS=@@CHARACTER_SET_RESULTS */;
/*!40101 SET @OLD_COLLATION_CONNECTION=@@COLLATION_CONNECTION */;
/*!40101 SET NAMES utf8mb4 */;

--
-- Database: `payroll`
--

-- --------------------------------------------------------

--
-- Table structure for table `admin`
--

CREATE TABLE `admin` (
  `id` int(11) NOT NULL,
  `username` varchar(30) NOT NULL,
  `password` varchar(60) NOT NULL,
  `firstname` varchar(50) NOT NULL,
  `lastname` varchar(50) NOT NULL,
  `photo` varchar(200) NOT NULL,
  `created_on` date NOT NULL
) ENGINE=InnoDB DEFAULT CHARSET=latin1;

--
-- Dumping data for table `admin`
--

INSERT INTO `admin` (`id`, `username`, `password`, `firstname`, `lastname`, `photo`, `created_on`) VALUES
(1, 'username', '$2y$10$X5ZxnY3p/Oe0JysMNBY8WOjw8ayYprReKVOO4h7IIY/3wz2py.sra', 'User', 'Fullname', 'index.png', '2018-04-30');

-- --------------------------------------------------------

--
-- Table structure for table `attendance`
--

CREATE TABLE `attendance` (
  `id` int(11) NOT NULL,
  `employee_id` int(11) NOT NULL,
  `date` date NOT NULL,
  `time_in` time NOT NULL,
  `status` int(1) NOT NULL,
  `time_out` time NOT NULL,
  `num_hr` double NOT NULL
) ENGINE=InnoDB DEFAULT CHARSET=latin1;

--
-- Dumping data for table `attendance`
--

INSERT INTO `attendance` (`id`, `employee_id`, `date`, `time_in`, `status`, `time_out`, `num_hr`) VALUES
(13, 1, '2018-04-27', '08:00:00', 1, '17:00:00', 8),
(14, 1, '2018-04-28', '08:00:00', 1, '17:00:00', 8),
(15, 1, '2018-05-04', '08:00:00', 1, '17:00:00', 8),
(16, 1, '2018-05-02', '08:00:00', 1, '17:00:00', 8),
(17, 1, '2018-05-01', '08:00:00', 1, '17:00:00', 8),
(18, 1, '2018-05-03', '08:00:00', 1, '17:00:00', 8),
(74, 1, '2018-04-30', '08:00:00', 1, '16:44:23', 7.7333333333333),
(75, 3, '2018-04-18', '08:00:00', 1, '17:00:00', 8),
(76, 4, '2018-04-19', '08:00:00', 1, '17:00:00', 8),
(77, 4, '2018-04-27', '08:00:00', 1, '17:00:00', 7),
(78, 4, '2018-04-28', '08:00:00', 1, '17:00:00', 8),
(79, 4, '2018-05-01', '08:30:00', 1, '17:00:00', 8),
(80, 4, '2018-05-03', '08:00:00', 1, '17:00:00', 0),
(81, 4, '2018-05-05', '08:00:00', 1, '17:00:00', 9),
(84, 4, '2018-05-18', '08:00:00', 1, '17:00:00', 7),
(85, 4, '2018-05-09', '09:00:00', 1, '18:00:00', 8),
(86, 1, '2018-10-03', '19:39:47', 0, '00:00:00', 0),
(87, 6, '2018-10-03', '20:13:27', 0, '20:13:34', 3.2166666666667),
(88, 5, '2018-10-03', '21:31:08', 0, '00:00:00', 0),
(89, 4, '2018-10-03', '21:31:25', 0, '04:32:00', 15.983333333333),
(90, 1, '2018-10-04', '08:00:00', 1, '12:00:00', 4);

-- --------------------------------------------------------

--
-- Table structure for table `cashadvance`
--

CREATE TABLE `cashadvance` (
  `id` int(11) NOT NULL,
  `date_advance` date NOT NULL,
  `employee_id` varchar(15) NOT NULL,
  `amount` double NOT NULL
) ENGINE=InnoDB DEFAULT CHARSET=latin1;

-- --------------------------------------------------------

--
-- Table structure for table `deductions`
--

CREATE TABLE `deductions` (
  `id` int(11) NOT NULL,
  `description` varchar(100) NOT NULL,
  `amount` double NOT NULL
) ENGINE=InnoDB DEFAULT CHARSET=latin1;

--
-- Dumping data for table `deductions`
--

INSERT INTO `deductions` (`id`, `description`, `amount`) VALUES
(1, 'SSS', 100),
(2, 'Pagibig', 150),
(3, 'PhilHealth', 150);

-- --------------------------------------------------------

--
-- Table structure for table `employees`
--

CREATE TABLE `employees` (
  `id` int(11) NOT NULL,
  `employee_id` varchar(15) NOT NULL,
  `school_id` varchar(200) NOT NULL,
  `firstname` varchar(50) NOT NULL,
  `lastname` varchar(50) NOT NULL,
  `address` text NOT NULL,
  `birthdate` date NOT NULL,
  `contact_info` varchar(100) NOT NULL,
  `gender` varchar(10) NOT NULL,
  `position_id` int(11) NOT NULL,
  `schedule_id` int(11) NOT NULL,
  `photo` varchar(200) NOT NULL,
  `created_on` date NOT NULL
) ENGINE=InnoDB DEFAULT CHARSET=latin1;

--
-- Dumping data for table `employees`
--

INSERT INTO `employees` (`id`, `employee_id`, `school_id`, `firstname`, `lastname`, `address`, `birthdate`, `contact_info`, `gender`, `position_id`, `schedule_id`, `photo`, `created_on`) VALUES
(1, 'ABC123456789', '2', 'Employee', 'One', 'address', '2018-04-02', '0100000000', 'Male', 1, 2, 'desktop.jpg', '2018-04-28'),
(3, 'DYE473869250', '2', 'Employee', 'Two', 'Dinajpur', '1992-05-02', '09123456789', 'Female', 2, 2, '', '2018-04-30'),
(4, 'JIE625973480', '3', 'Employee', 'Three', 'Dhaka', '1995-10-02', '09468029840', 'Female', 2, 3, '', '2018-04-30'),
(5, 'KFT896147052', '4', 'Employee', 'Four', 'Rajshahi', '0000-00-00', '01811111111', 'Male', 1, 5, 'index.png', '2018-10-03'),
(6, 'XHS731652098', '2', 'Employee', 'Five', 'Dhaka', '0000-00-00', '01811111111', 'Female', 2, 2, '', '2018-10-03'),
(7, 'QXP427859306', '3', 'Employee', 'six', 'Bogura', '0000-00-00', '01988888888', 'Male', 1, 1, '', '2018-10-04');

-- --------------------------------------------------------

--
-- Table structure for table `overtime`
--

CREATE TABLE `overtime` (
  `id` int(11) NOT NULL,
  `employee_id` varchar(15) NOT NULL,
  `hours` double NOT NULL,
  `rate` double NOT NULL,
  `date_overtime` date NOT NULL
) ENGINE=InnoDB DEFAULT CHARSET=latin1;

-- --------------------------------------------------------

--
-- Table structure for table `position`
--

CREATE TABLE `position` (
  `id` int(11) NOT NULL,
  `description` varchar(150) NOT NULL,
  `rate` double NOT NULL
) ENGINE=InnoDB DEFAULT CHARSET=latin1;

--
-- Dumping data for table `position`
--

INSERT INTO `position` (`id`, `description`, `rate`) VALUES
(1, 'Programmer', 100),
(2, 'Writer', 50);

-- --------------------------------------------------------

--
-- Table structure for table `schedules`
--

CREATE TABLE `schedules` (
  `id` int(11) NOT NULL,
  `time_in` time NOT NULL,
  `time_out` time NOT NULL
) ENGINE=InnoDB DEFAULT CHARSET=latin1;

--
-- Dumping data for table `schedules`
--

INSERT INTO `schedules` (`id`, `time_in`, `time_out`) VALUES
(1, '07:00:00', '16:00:00'),
(2, '08:00:00', '17:00:00'),
(3, '09:00:00', '18:00:00'),
(4, '10:00:00', '19:00:00'),
(5, '21:00:00', '00:00:00');

-- --------------------------------------------------------

--
-- Table structure for table `school`
--

CREATE TABLE `school` (
  `id` int(10) NOT NULL,
  `school_name` varchar(200) NOT NULL
) ENGINE=InnoDB DEFAULT CHARSET=latin1;

--
-- Dumping data for table `school`
--

INSERT INTO `school` (`id`, `school_name`) VALUES
(2, 'School One'),
(3, 'School Two'),
(4, 'School Three');

--
-- Indexes for dumped tables
--

--
-- Indexes for table `admin`
--
ALTER TABLE `admin`
  ADD PRIMARY KEY (`id`);

--
-- Indexes for table `attendance`
--
ALTER TABLE `attendance`
  ADD PRIMARY KEY (`id`);

--
-- Indexes for table `cashadvance`
--
ALTER TABLE `cashadvance`
  ADD PRIMARY KEY (`id`);

--
-- Indexes for table `deductions`
--
ALTER TABLE `deductions`
  ADD PRIMARY KEY (`id`);

--
-- Indexes for table `employees`
--
ALTER TABLE `employees`
  ADD PRIMARY KEY (`id`);

--
-- Indexes for table `overtime`
--
ALTER TABLE `overtime`
  ADD PRIMARY KEY (`id`);

--
-- Indexes for table `position`
--
ALTER TABLE `position`
  ADD PRIMARY KEY (`id`);

--
-- Indexes for table `schedules`
--
ALTER TABLE `schedules`
  ADD PRIMARY KEY (`id`);

--
-- Indexes for table `school`
--
ALTER TABLE `school`
  ADD PRIMARY KEY (`id`);

--
-- AUTO_INCREMENT for dumped tables
--

--
-- AUTO_INCREMENT for table `admin`
--
ALTER TABLE `admin`
  MODIFY `id` int(11) NOT NULL AUTO_INCREMENT, AUTO_INCREMENT=2;

--
-- AUTO_INCREMENT for table `attendance`
--
ALTER TABLE `attendance`
  MODIFY `id` int(11) NOT NULL AUTO_INCREMENT, AUTO_INCREMENT=91;

--
-- AUTO_INCREMENT for table `cashadvance`
--
ALTER TABLE `cashadvance`
  MODIFY `id` int(11) NOT NULL AUTO_INCREMENT;

--
-- AUTO_INCREMENT for table `deductions`
--
ALTER TABLE `deductions`
  MODIFY `id` int(11) NOT NULL AUTO_INCREMENT, AUTO_INCREMENT=4;

--
-- AUTO_INCREMENT for table `employees`
--
ALTER TABLE `employees`
  MODIFY `id` int(11) NOT NULL AUTO_INCREMENT, AUTO_INCREMENT=8;

--
-- AUTO_INCREMENT for table `overtime`
--
ALTER TABLE `overtime`
  MODIFY `id` int(11) NOT NULL AUTO_INCREMENT;

--
-- AUTO_INCREMENT for table `position`
--
ALTER TABLE `position`
  MODIFY `id` int(11) NOT NULL AUTO_INCREMENT, AUTO_INCREMENT=3;

--
-- AUTO_INCREMENT for table `schedules`
--
ALTER TABLE `schedules`
  MODIFY `id` int(11) NOT NULL AUTO_INCREMENT, AUTO_INCREMENT=6;

--
-- AUTO_INCREMENT for table `school`
--
ALTER TABLE `school`
  MODIFY `id` int(10) NOT NULL AUTO_INCREMENT, AUTO_INCREMENT=5;
COMMIT;

/*!40101 SET CHARACTER_SET_CLIENT=@OLD_CHARACTER_SET_CLIENT */;
/*!40101 SET CHARACTER_SET_RESULTS=@OLD_CHARACTER_SET_RESULTS */;
/*!40101 SET COLLATION_CONNECTION=@OLD_COLLATION_CONNECTION */;
